Frequency [Hz];Amplitude ratio;Phase shift [deg]
1;1.000006832580968;-7.667531924738598e-06
6;1.0002432257033338;-0.00011141525385719297
11;1.0008162028354854;-0.0002761013734027395
16;1.0017264181590602;-0.00048415718631454347
21;1.0029752714281392;-0.0007281603108522685
26;1.004564790564653;-0.001003759647527761
31;1.0064976121410205;-0.0013080660532992206
36;1.0087769816300716;-0.001639032252723929
41;1.0114067618309606;-0.001995153942416039
46;1.0143914463087746;-0.002375305248886308
51;1.0177361767712982;-0.0027786397256626782
56;1.0214467640092904;-0.003204526890285179
61;1.0255297123203087;-0.0036525096052851427
66;1.0299922474841483;-0.0041222744553377376
71;1.0348423484478133;-0.004613630641094573
76;1.0400887829432293;-0.005126494693978668
81;1.0457411473162483;-0.00566087931893961
86;1.0518099108979821;-0.006216885264439119
91;nan;nan
96;nan;nan
101;nan;nan
106;nan;nan
111;nan;nan
116;nan;nan
121;nan;nan
126;nan;nan
131;nan;nan
136;nan;nan
141;nan;nan
146;nan;nan
151;nan;nan
156;nan;nan
161;nan;nan
166;nan;nan
171;nan;nan
176;nan;nan
181;nan;nan
186;nan;nan
191;nan;nan
196;nan;nan
201;nan;nan
206;nan;nan
211;nan;nan
216;nan;nan
221;nan;nan
226;nan;nan
231;nan;nan
236;nan;nan
241;nan;nan
246;nan;nan
251;nan;nan
256;nan;nan
261;nan;nan
266;nan;nan
271;nan;nan
276;nan;nan
281;nan;nan
286;nan;nan
291;nan;nan
296;nan;nan
301;nan;nan
306;nan;nan
311;nan;nan
316;nan;nan
321;nan;nan
326;nan;nan
331;nan;nan
336;nan;nan
341;nan;nan
346;nan;nan
351;nan;nan
356;nan;nan
361;nan;nan
366;nan;nan
371;nan;nan
376;nan;nan
381;nan;nan
386;nan;nan
391;nan;nan
396;nan;nan
401;nan;nan
406;nan;nan
411;nan;nan
416;nan;nan
421;nan;nan
426;nan;nan
431;nan;nan
436;nan;nan
441;nan;nan
446;nan;nan
451;nan;nan
456;nan;nan
461;nan;nan
466;nan;nan
471;nan;nan
476;nan;nan
481;nan;nan
486;nan;nan
491;nan;nan
496;nan;nan
501;nan;nan
506;nan;nan
511;nan;nan
516;nan;nan
521;nan;nan
526;nan;nan
531;nan;nan
536;nan;nan
541;nan;nan
546;nan;nan
551;nan;nan
556;nan;nan
561;nan;nan
566;nan;nan
571;nan;nan
576;nan;nan
581;nan;nan
586;nan;nan
591;nan;nan
596;nan;nan
601;nan;nan
606;nan;nan
611;nan;nan
616;nan;nan
621;nan;nan
626;nan;nan
631;nan;nan
636;nan;nan
641;nan;nan
646;nan;nan
651;nan;nan
656;nan;nan
661;nan;nan
666;nan;nan
671;nan;nan
676;nan;nan
681;nan;nan
686;nan;nan
691;nan;nan
696;nan;nan
701;nan;nan
706;nan;nan
711;nan;nan
716;nan;nan
721;nan;nan
726;nan;nan
731;nan;nan
736;nan;nan
741;nan;nan
746;nan;nan
751;nan;nan
756;nan;nan
761;nan;nan
766;nan;nan
771;nan;nan
776;nan;nan
781;nan;nan
786;nan;nan
791;nan;nan
796;nan;nan
801;nan;nan
806;nan;nan
811;nan;nan
816;nan;nan
821;nan;nan
826;nan;nan
831;nan;nan
836;nan;nan
841;nan;nan
846;nan;nan
851;nan;nan
856;nan;nan
861;nan;nan
866;nan;nan
871;nan;nan
876;nan;nan
881;nan;nan
886;nan;nan
891;nan;nan
896;nan;nan
901;nan;nan
906;nan;nan
911;nan;nan
916;nan;nan
921;nan;nan
926;nan;nan
931;nan;nan
936;nan;nan
941;nan;nan
946;nan;nan
951;nan;nan
956;nan;nan
961;nan;nan
966;nan;nan
971;nan;nan
976;nan;nan
981;nan;nan
986;nan;nan
991;nan;nan
996;nan;nan
1001;nan;nan
1006;nan;nan
1011;nan;nan
1016;nan;nan
1021;nan;nan
1026;nan;nan
1031;nan;nan
1036;nan;nan
1041;nan;nan
1046;nan;nan
1051;nan;nan
1056;nan;nan
1061;nan;nan
1066;nan;nan
1071;nan;nan
1076;nan;nan
1081;nan;nan
1086;nan;nan
1091;nan;nan
1096;nan;nan
1101;nan;nan
1106;nan;nan
1111;nan;nan
1116;nan;nan
1121;nan;nan
1126;nan;nan
1131;nan;nan
1136;nan;nan
1141;nan;nan
1146;nan;nan
1151;nan;nan
1156;nan;nan
1161;nan;nan
1166;nan;nan
1171;nan;nan
1176;nan;nan
1181;nan;nan
1186;nan;nan
1191;nan;nan
1196;nan;nan
1201;nan;nan
1206;nan;nan
1211;nan;nan
1216;nan;nan
1221;nan;nan
1226;nan;nan
1231;nan;nan
1236;nan;nan
1241;nan;nan
1246;nan;nan
1251;nan;nan
1256;nan;nan
1261;nan;nan
1266;nan;nan
1271;nan;nan
1276;nan;nan
1281;nan;nan
1286;nan;nan
1291;nan;nan
1296;nan;nan
1301;nan;nan
1306;nan;nan
1311;nan;nan
1316;nan;nan
1321;nan;nan
1326;nan;nan
1331;nan;nan
1336;nan;nan
1341;nan;nan
1346;nan;nan
1351;nan;nan
1356;nan;nan
1361;nan;nan
1366;nan;nan
1371;nan;nan
1376;nan;nan
1381;nan;nan
1386;nan;nan
1391;nan;nan
1396;nan;nan
1401;nan;nan
1406;nan;nan
1411;nan;nan
1416;nan;nan
1421;nan;nan
1426;nan;nan
1431;nan;nan
1436;nan;nan
1441;nan;nan
1446;nan;nan
1451;nan;nan
1456;nan;nan
1461;nan;nan
1466;nan;nan
1471;nan;nan
1476;nan;nan
1481;nan;nan
1486;nan;nan
1491;nan;nan
1496;nan;nan
1501;nan;nan
1506;nan;nan
1511;nan;nan
1516;nan;nan
1521;nan;nan
1526;nan;nan
1531;nan;nan
1536;nan;nan
1541;nan;nan
1546;nan;nan
1551;nan;nan
1556;nan;nan
1561;nan;nan
1566;nan;nan
1571;nan;nan
1576;nan;nan
1581;nan;nan
1586;nan;nan
1591;nan;nan
1596;nan;nan
1601;nan;nan
1606;nan;nan
1611;nan;nan
1616;nan;nan
1621;nan;nan
1626;nan;nan
1631;nan;nan
1636;nan;nan
1641;nan;nan
1646;nan;nan
1651;nan;nan
1656;nan;nan
1661;nan;nan
1666;nan;nan
1671;nan;nan
1676;nan;nan
1681;nan;nan
1686;nan;nan
1691;nan;nan
1696;nan;nan
1701;nan;nan
1706;nan;nan
1711;nan;nan
1716;nan;nan
1721;nan;nan
1726;nan;nan
1731;nan;nan
1736;nan;nan
1741;nan;nan
1746;nan;nan
1751;nan;nan
1756;nan;nan
1761;nan;nan
1766;nan;nan
1771;nan;nan
1776;nan;nan
1781;nan;nan
1786;nan;nan
1791;nan;nan
1796;nan;nan
1801;nan;nan
1806;nan;nan
1811;nan;nan
1816;nan;nan
1821;nan;nan
1826;nan;nan
1831;nan;nan
1836;nan;nan
1841;nan;nan
1846;nan;nan
1851;nan;nan
1856;nan;nan
1861;nan;nan
1866;nan;nan
1871;nan;nan
1876;nan;nan
1881;nan;nan
1886;nan;nan
1891;nan;nan
1896;nan;nan
1901;nan;nan
1906;nan;nan
1911;nan;nan
1916;nan;nan
1921;nan;nan
1926;nan;nan
1931;nan;nan
1936;nan;nan
1941;nan;nan
1946;nan;nan
1951;nan;nan
1956;nan;nan
1961;nan;nan
1966;nan;nan
1971;nan;nan
1976;nan;nan
1981;nan;nan
1986;nan;nan
1991;nan;nan
1996;nan;nan
2001;nan;nan
2006;nan;nan
2011;nan;nan
2016;nan;nan
2021;nan;nan
2026;nan;nan
2031;nan;nan
2036;nan;nan
2041;nan;nan
2046;nan;nan
2051;nan;nan
2056;nan;nan
2061;nan;nan
2066;nan;nan
2071;nan;nan
2076;nan;nan
2081;nan;nan
2086;nan;nan
2091;nan;nan
2096;nan;nan
2101;nan;nan
2106;nan;nan
2111;nan;nan
2116;nan;nan
2121;nan;nan
2126;nan;nan
2131;nan;nan
2136;nan;nan
2141;nan;nan
2146;nan;nan
2151;nan;nan
2156;nan;nan
2161;nan;nan
2166;nan;nan
2171;nan;nan
2176;nan;nan
2181;nan;nan
2186;nan;nan
2191;nan;nan
2196;nan;nan
2201;nan;nan
2206;nan;nan
2211;nan;nan
2216;nan;nan
2221;nan;nan
2226;nan;nan
2231;nan;nan
2236;nan;nan
2241;nan;nan
2246;nan;nan
2251;nan;nan
2256;nan;nan
2261;nan;nan
2266;nan;nan
2271;nan;nan
2276;nan;nan
2281;nan;nan
2286;nan;nan
2291;nan;nan
2296;nan;nan
2301;nan;nan
2306;nan;nan
2311;nan;nan
2316;nan;nan
2321;nan;nan
2326;nan;nan
2331;nan;nan
2336;nan;nan
2341;nan;nan
2346;nan;nan
2351;nan;nan
2356;nan;nan
2361;nan;nan
2366;nan;nan
2371;nan;nan
2376;nan;nan
2381;nan;nan
2386;nan;nan
2391;nan;nan
2396;nan;nan
2401;nan;nan
2406;nan;nan
2411;nan;nan
2416;nan;nan
2421;nan;nan
2426;nan;nan
2431;nan;nan
2436;nan;nan
2441;nan;nan
2446;nan;nan
2451;nan;nan
2456;nan;nan
2461;nan;nan
2466;nan;nan
2471;nan;nan
2476;nan;nan
2481;nan;nan
2486;nan;nan
2491;nan;nan
2496;nan;nan
2501;nan;nan
2506;nan;nan
2511;nan;nan
2516;nan;nan
2521;nan;nan
2526;nan;nan
2531;nan;nan
2536;nan;nan
2541;nan;nan
2546;nan;nan
2551;nan;nan
2556;nan;nan
2561;nan;nan
2566;nan;nan
2571;nan;nan
2576;nan;nan
2581;nan;nan
2586;nan;nan
2591;nan;nan
2596;nan;nan
2601;nan;nan
2606;nan;nan
2611;nan;nan
2616;nan;nan
2621;nan;nan
2626;nan;nan
2631;nan;nan
2636;nan;nan
2641;nan;nan
2646;nan;nan
2651;nan;nan
2656;nan;nan
2661;nan;nan
2666;nan;nan
2671;nan;nan
2676;nan;nan
2681;nan;nan
2686;nan;nan
2691;nan;nan
2696;nan;nan
2701;nan;nan
2706;nan;nan
2711;nan;nan
2716;nan;nan
2721;nan;nan
2726;nan;nan
2731;nan;nan
2736;nan;nan
2741;nan;nan
2746;nan;nan
2751;nan;nan
2756;nan;nan
2761;nan;nan
2766;nan;nan
2771;nan;nan
2776;nan;nan
2781;nan;nan
2786;nan;nan
2791;nan;nan
2796;nan;nan
2801;nan;nan
2806;nan;nan
2811;nan;nan
2816;nan;nan
2821;nan;nan
2826;nan;nan
2831;nan;nan
2836;nan;nan
2841;nan;nan
2846;nan;nan
2851;nan;nan
2856;nan;nan
2861;nan;nan
2866;nan;nan
2871;nan;nan
2876;nan;nan
2881;nan;nan
2886;nan;nan
2891;nan;nan
2896;nan;nan
2901;nan;nan
2906;nan;nan
2911;nan;nan
2916;nan;nan
2921;nan;nan
2926;nan;nan
2931;nan;nan
2936;nan;nan
2941;nan;nan
2946;nan;nan
2951;nan;nan
2956;nan;nan
2961;nan;nan
2966;nan;nan
2971;nan;nan
2976;nan;nan
2981;nan;nan
2986;nan;nan
2991;nan;nan
2996;nan;nan
3001;nan;nan
3006;nan;nan
3011;nan;nan
3016;nan;nan
3021;nan;nan
3026;nan;nan
3031;nan;nan
3036;nan;nan
3041;nan;nan
3046;nan;nan
3051;nan;nan
3056;nan;nan
3061;nan;nan
3066;nan;nan
3071;nan;nan
3076;nan;nan
3081;nan;nan
3086;nan;nan
3091;nan;nan
3096;nan;nan
3101;nan;nan
3106;nan;nan
3111;nan;nan
3116;nan;nan
3121;nan;nan
3126;nan;nan
3131;nan;nan
3136;nan;nan
3141;nan;nan
3146;nan;nan
3151;nan;nan
3156;nan;nan
3161;nan;nan
3166;nan;nan
3171;nan;nan
3176;nan;nan
3181;nan;nan
3186;nan;nan
3191;nan;nan
3196;nan;nan
3201;nan;nan
3206;nan;nan
3211;nan;nan
3216;nan;nan
3221;nan;nan
3226;nan;nan
3231;nan;nan
3236;nan;nan
3241;nan;nan
3246;nan;nan
3251;nan;nan
3256;nan;nan
3261;nan;nan
3266;nan;nan
3271;nan;nan
3276;nan;nan
3281;nan;nan
3286;nan;nan
3291;nan;nan
3296;nan;nan
3301;nan;nan
3306;nan;nan
3311;nan;nan
3316;nan;nan
3321;nan;nan
3326;nan;nan
3331;nan;nan
3336;nan;nan
3341;nan;nan
3346;nan;nan
3351;nan;nan
3356;nan;nan
3361;nan;nan
3366;nan;nan
3371;nan;nan
3376;nan;nan
3381;nan;nan
3386;nan;nan
3391;nan;nan
3396;nan;nan
3401;nan;nan
3406;nan;nan
3411;nan;nan
3416;nan;nan
3421;nan;nan
3426;nan;nan
3431;nan;nan
3436;nan;nan
3441;nan;nan
3446;nan;nan
3451;nan;nan
3456;nan;nan
3461;nan;nan
3466;nan;nan
3471;nan;nan
3476;nan;nan
3481;nan;nan
3486;nan;nan
3491;nan;nan
3496;nan;nan
3501;nan;nan
3506;nan;nan
3511;nan;nan
3516;nan;nan
3521;nan;nan
3526;nan;nan
3531;nan;nan
3536;nan;nan
3541;nan;nan
3546;nan;nan
3551;nan;nan
3556;nan;nan
3561;nan;nan
3566;nan;nan
3571;nan;nan
3576;nan;nan
3581;nan;nan
3586;nan;nan
3591;nan;nan
3596;nan;nan
3601;nan;nan
3606;nan;nan
3611;nan;nan
3616;nan;nan
3621;nan;nan
3626;nan;nan
3631;nan;nan
3636;nan;nan
3641;nan;nan
3646;nan;nan
3651;nan;nan
3656;nan;nan
3661;nan;nan
3666;nan;nan
3671;nan;nan
3676;nan;nan
3681;nan;nan
3686;nan;nan
3691;nan;nan
3696;nan;nan
3701;nan;nan
3706;nan;nan
3711;nan;nan
3716;nan;nan
3721;nan;nan
3726;nan;nan
3731;nan;nan
3736;nan;nan
3741;nan;nan
3746;nan;nan
3751;nan;nan
3756;nan;nan
3761;nan;nan
3766;nan;nan
3771;nan;nan
3776;nan;nan
3781;nan;nan
3786;nan;nan
3791;nan;nan
3796;nan;nan
3801;nan;nan
3806;nan;nan
3811;nan;nan
3816;nan;nan
3821;nan;nan
3826;nan;nan
3831;nan;nan
3836;nan;nan
3841;nan;nan
3846;nan;nan
3851;nan;nan
3856;nan;nan
3861;nan;nan
3866;nan;nan
3871;nan;nan
3876;nan;nan
3881;nan;nan
3886;nan;nan
3891;nan;nan
3896;nan;nan
3901;nan;nan
3906;nan;nan
3911;nan;nan
3916;nan;nan
3921;nan;nan
3926;nan;nan
3931;nan;nan
3936;nan;nan
3941;nan;nan
3946;nan;nan
3951;nan;nan
3956;nan;nan
3961;nan;nan
3966;nan;nan
3971;nan;nan
3976;nan;nan
3981;nan;nan
3986;nan;nan
3991;nan;nan
3996;nan;nan
4001;nan;nan
4006;nan;nan
4011;nan;nan
4016;nan;nan
4021;nan;nan
4026;nan;nan
4031;nan;nan
4036;nan;nan
4041;nan;nan
4046;nan;nan
4051;nan;nan
4056;nan;nan
4061;nan;nan
4066;nan;nan
4071;nan;nan
4076;nan;nan
4081;nan;nan
4086;nan;nan
4091;nan;nan
4096;nan;nan
4101;nan;nan
4106;nan;nan
4111;nan;nan
4116;nan;nan
4121;nan;nan
4126;nan;nan
4131;nan;nan
4136;nan;nan
4141;nan;nan
4146;nan;nan
4151;nan;nan
4156;nan;nan
4161;nan;nan
4166;nan;nan
4171;nan;nan
4176;nan;nan
4181;nan;nan
4186;nan;nan
4191;nan;nan
4196;nan;nan
4201;nan;nan
4206;nan;nan
4211;nan;nan
4216;nan;nan
4221;nan;nan
4226;nan;nan
4231;nan;nan
4236;nan;nan
4241;nan;nan
4246;nan;nan
4251;nan;nan
4256;nan;nan
4261;nan;nan
4266;nan;nan
4271;nan;nan
4276;nan;nan
4281;nan;nan
4286;nan;nan
4291;nan;nan
4296;nan;nan
4301;nan;nan
4306;nan;nan
4311;nan;nan
4316;nan;nan
4321;nan;nan
4326;nan;nan
4331;nan;nan
4336;nan;nan
4341;nan;nan
4346;nan;nan
4351;nan;nan
4356;nan;nan
4361;nan;nan
4366;nan;nan
4371;nan;nan
4376;nan;nan
4381;nan;nan
4386;nan;nan
4391;nan;nan
4396;nan;nan
4401;nan;nan
4406;nan;nan
4411;nan;nan
4416;nan;nan
4421;nan;nan
4426;nan;nan
4431;nan;nan
4436;nan;nan
4441;nan;nan
4446;nan;nan
4451;nan;nan
4456;nan;nan
4461;nan;nan
4466;nan;nan
4471;nan;nan
4476;nan;nan
4481;nan;nan
4486;nan;nan
4491;nan;nan
4496;nan;nan
4501;nan;nan
4506;nan;nan
4511;nan;nan
4516;nan;nan
4521;nan;nan
4526;nan;nan
4531;nan;nan
4536;nan;nan
4541;nan;nan
4546;nan;nan
4551;nan;nan
4556;nan;nan
4561;nan;nan
4566;nan;nan
4571;nan;nan
4576;nan;nan
4581;nan;nan
4586;nan;nan
4591;nan;nan
4596;nan;nan
4601;nan;nan
4606;nan;nan
4611;nan;nan
4616;nan;nan
4621;nan;nan
4626;nan;nan
4631;nan;nan
4636;nan;nan
4641;nan;nan
4646;nan;nan
4651;nan;nan
4656;nan;nan
4661;nan;nan
4666;nan;nan
4671;nan;nan
4676;nan;nan
4681;nan;nan
4686;nan;nan
4691;nan;nan
4696;nan;nan
4701;nan;nan
4706;nan;nan
4711;nan;nan
4716;nan;nan
4721;nan;nan
4726;nan;nan
4731;nan;nan
4736;nan;nan
4741;nan;nan
4746;nan;nan
4751;nan;nan
4756;nan;nan
4761;nan;nan
4766;nan;nan
4771;nan;nan
4776;nan;nan
4781;nan;nan
4786;nan;nan
4791;nan;nan
4796;nan;nan
4801;nan;nan
4806;nan;nan
4811;nan;nan
4816;nan;nan
4821;nan;nan
4826;nan;nan
4831;nan;nan
4836;nan;nan
4841;nan;nan
4846;nan;nan
4851;nan;nan
4856;nan;nan
4861;nan;nan
4866;nan;nan
4871;nan;nan
4876;nan;nan
4881;nan;nan
4886;nan;nan
4891;nan;nan
4896;nan;nan
4901;nan;nan
4906;nan;nan
4911;nan;nan
4916;nan;nan
4921;nan;nan
4926;nan;nan
4931;nan;nan
4936;nan;nan
4941;nan;nan
4946;nan;nan
4951;nan;nan
4956;nan;nan
4961;nan;nan
4966;nan;nan
4971;nan;nan
4976;nan;nan
4981;nan;nan
4986;nan;nan
4991;nan;nan
4996;nan;nan
5001;nan;nan
5006;nan;nan
5011;nan;nan
5016;nan;nan
5021;nan;nan
5026;nan;nan
5031;nan;nan
5036;nan;nan
5041;nan;nan
5046;nan;nan
5051;nan;nan
5056;nan;nan
5061;nan;nan
5066;nan;nan
5071;nan;nan
5076;nan;nan
5081;nan;nan
5086;nan;nan
5091;nan;nan
5096;nan;nan
5101;nan;nan
5106;nan;nan
5111;nan;nan
5116;nan;nan
5121;nan;nan
5126;nan;nan
5131;nan;nan
5136;nan;nan
5141;nan;nan
5146;nan;nan
5151;nan;nan
5156;nan;nan
5161;nan;nan
5166;nan;nan
5171;nan;nan
5176;nan;nan
5181;nan;nan
5186;nan;nan
5191;nan;nan
5196;nan;nan
5201;nan;nan
5206;nan;nan
5211;nan;nan
5216;nan;nan
5221;nan;nan
5226;nan;nan
5231;nan;nan
5236;nan;nan
5241;nan;nan
5246;nan;nan
5251;nan;nan
5256;nan;nan
5261;nan;nan
5266;nan;nan
5271;nan;nan
5276;nan;nan
5281;nan;nan
5286;nan;nan
5291;nan;nan
5296;nan;nan
5301;nan;nan
5306;nan;nan
5311;nan;nan
5316;nan;nan
5321;nan;nan
5326;nan;nan
5331;nan;nan
5336;nan;nan
5341;nan;nan
5346;nan;nan
5351;nan;nan
5356;nan;nan
5361;nan;nan
5366;nan;nan
5371;nan;nan
5376;nan;nan
5381;nan;nan
5386;nan;nan
5391;nan;nan
5396;nan;nan
5401;nan;nan
5406;nan;nan
5411;nan;nan
5416;nan;nan
5421;nan;nan
5426;nan;nan
5431;nan;nan
5436;nan;nan
5441;nan;nan
5446;nan;nan
5451;nan;nan
5456;nan;nan
5461;nan;nan
5466;nan;nan
5471;nan;nan
5476;nan;nan
5481;nan;nan
5486;nan;nan
5491;nan;nan
5496;nan;nan
5501;nan;nan
5506;nan;nan
5511;nan;nan
5516;nan;nan
5521;nan;nan
5526;nan;nan
5531;nan;nan
5536;nan;nan
5541;nan;nan
5546;nan;nan
5551;nan;nan
5556;nan;nan
5561;nan;nan
5566;nan;nan
5571;nan;nan
5576;nan;nan
5581;nan;nan
5586;nan;nan
5591;nan;nan
5596;nan;nan
5601;nan;nan
5606;nan;nan
5611;nan;nan
5616;nan;nan
5621;nan;nan
5626;nan;nan
5631;nan;nan
5636;nan;nan
5641;nan;nan
5646;nan;nan
5651;nan;nan
5656;nan;nan
5661;nan;nan
5666;nan;nan
5671;nan;nan
5676;nan;nan
5681;nan;nan
5686;nan;nan
5691;nan;nan
5696;nan;nan
5701;nan;nan
5706;nan;nan
5711;nan;nan
5716;nan;nan
5721;nan;nan
5726;nan;nan
5731;nan;nan
5736;nan;nan
5741;nan;nan
5746;nan;nan
5751;nan;nan
5756;nan;nan
5761;nan;nan
5766;nan;nan
5771;nan;nan
5776;nan;nan
5781;nan;nan
5786;nan;nan
5791;nan;nan
5796;nan;nan
5801;nan;nan
5806;nan;nan
5811;nan;nan
5816;nan;nan
5821;nan;nan
5826;nan;nan
5831;nan;nan
5836;nan;nan
5841;nan;nan
5846;nan;nan
5851;nan;nan
5856;nan;nan
5861;nan;nan
5866;nan;nan
5871;nan;nan
5876;nan;nan
5881;nan;nan
5886;nan;nan
5891;nan;nan
5896;nan;nan
5901;nan;nan
5906;nan;nan
5911;nan;nan
5916;nan;nan
5921;nan;nan
5926;nan;nan
5931;nan;nan
5936;nan;nan
5941;nan;nan
5946;nan;nan
5951;nan;nan
5956;nan;nan
5961;nan;nan
5966;nan;nan
5971;nan;nan
5976;nan;nan
5981;nan;nan
5986;nan;nan
5991;nan;nan
5996;nan;nan
6001;nan;nan
6006;nan;nan
6011;nan;nan
6016;nan;nan
6021;nan;nan
6026;nan;nan
6031;nan;nan
6036;nan;nan
6041;nan;nan
6046;nan;nan
6051;nan;nan
6056;nan;nan
6061;nan;nan
6066;nan;nan
6071;nan;nan
6076;nan;nan
6081;nan;nan
6086;nan;nan
6091;nan;nan
6096;nan;nan
6101;nan;nan
6106;nan;nan
6111;nan;nan
6116;nan;nan
6121;nan;nan
6126;nan;nan
6131;nan;nan
6136;nan;nan
6141;nan;nan
6146;nan;nan
6151;nan;nan
6156;nan;nan
6161;nan;nan
6166;nan;nan
6171;nan;nan
6176;nan;nan
6181;nan;nan
6186;nan;nan
6191;nan;nan
6196;nan;nan
6201;nan;nan
6206;nan;nan
6211;nan;nan
6216;nan;nan
6221;nan;nan
6226;nan;nan
6231;nan;nan
6236;nan;nan
6241;nan;nan
6246;nan;nan
6251;nan;nan
6256;nan;nan
6261;nan;nan
6266;nan;nan
6271;nan;nan
6276;nan;nan
6281;nan;nan
6286;nan;nan
6291;nan;nan
6296;nan;nan
6301;nan;nan
6306;nan;nan
6311;nan;nan
6316;nan;nan
6321;nan;nan
6326;nan;nan
6331;nan;nan
6336;nan;nan
6341;nan;nan
6346;nan;nan
6351;nan;nan
6356;nan;nan
6361;nan;nan
6366;nan;nan
6371;nan;nan
6376;nan;nan
6381;nan;nan
6386;nan;nan
6391;nan;nan
6396;nan;nan
6401;nan;nan
6406;nan;nan
6411;nan;nan
6416;nan;nan
6421;nan;nan
6426;nan;nan
6431;nan;nan
6436;nan;nan
6441;nan;nan
6446;nan;nan
6451;nan;nan
6456;nan;nan
6461;nan;nan
6466;nan;nan
6471;nan;nan
6476;nan;nan
6481;nan;nan
6486;nan;nan
6491;nan;nan
6496;nan;nan
6501;nan;nan
6506;nan;nan
6511;nan;nan
6516;nan;nan
6521;nan;nan
6526;nan;nan
6531;nan;nan
6536;nan;nan
6541;nan;nan
6546;nan;nan
6551;nan;nan
6556;nan;nan
6561;nan;nan
6566;nan;nan
6571;nan;nan
6576;nan;nan
6581;nan;nan
6586;nan;nan
6591;nan;nan
6596;nan;nan
6601;nan;nan
6606;nan;nan
6611;nan;nan
6616;nan;nan
6621;nan;nan
6626;nan;nan
6631;nan;nan
6636;nan;nan
6641;nan;nan
6646;nan;nan
6651;nan;nan
6656;nan;nan
6661;nan;nan
6666;nan;nan
6671;nan;nan
6676;nan;nan
6681;nan;nan
6686;nan;nan
6691;nan;nan
6696;nan;nan
6701;nan;nan
6706;nan;nan
6711;nan;nan
6716;nan;nan
6721;nan;nan
6726;nan;nan
6731;nan;nan
6736;nan;nan
6741;nan;nan
6746;nan;nan
6751;nan;nan
6756;nan;nan
6761;nan;nan
6766;nan;nan
6771;nan;nan
6776;nan;nan
6781;nan;nan
6786;nan;nan
6791;nan;nan
6796;nan;nan
6801;nan;nan
6806;nan;nan
6811;nan;nan
6816;nan;nan
6821;nan;nan
6826;nan;nan
6831;nan;nan
6836;nan;nan
6841;nan;nan
6846;nan;nan
6851;nan;nan
6856;nan;nan
6861;nan;nan
6866;nan;nan
6871;nan;nan
6876;nan;nan
6881;nan;nan
6886;nan;nan
6891;nan;nan
6896;nan;nan
6901;nan;nan
6906;nan;nan
6911;nan;nan
6916;nan;nan
6921;nan;nan
6926;nan;nan
6931;nan;nan
6936;nan;nan
6941;nan;nan
6946;nan;nan
6951;nan;nan
6956;nan;nan
6961;nan;nan
6966;nan;nan
6971;nan;nan
6976;nan;nan
6981;nan;nan
6986;nan;nan
6991;nan;nan
6996;nan;nan
7001;nan;nan
7006;nan;nan
7011;nan;nan
7016;nan;nan
7021;nan;nan
7026;nan;nan
7031;nan;nan
7036;nan;nan
7041;nan;nan
7046;nan;nan
7051;nan;nan
7056;nan;nan
7061;nan;nan
7066;nan;nan
7071;nan;nan
7076;nan;nan
7081;nan;nan
7086;nan;nan
7091;nan;nan
7096;nan;nan
7101;nan;nan
7106;nan;nan
7111;nan;nan
7116;nan;nan
7121;nan;nan
7126;nan;nan
7131;nan;nan
7136;nan;nan
7141;nan;nan
7146;nan;nan
7151;nan;nan
7156;nan;nan
7161;nan;nan
7166;nan;nan
7171;nan;nan
7176;nan;nan
7181;nan;nan
7186;nan;nan
7191;nan;nan
7196;nan;nan
7201;nan;nan
7206;nan;nan
7211;nan;nan
7216;nan;nan
7221;nan;nan
7226;nan;nan
7231;nan;nan
7236;nan;nan
7241;nan;nan
7246;nan;nan
7251;nan;nan
7256;nan;nan
7261;nan;nan
7266;nan;nan
7271;nan;nan
7276;nan;nan
7281;nan;nan
7286;nan;nan
7291;nan;nan
7296;nan;nan
7301;nan;nan
7306;nan;nan
7311;nan;nan
7316;nan;nan
7321;nan;nan
7326;nan;nan
7331;nan;nan
7336;nan;nan
7341;nan;nan
7346;nan;nan
7351;nan;nan
7356;nan;nan
7361;nan;nan
7366;nan;nan
7371;nan;nan
7376;nan;nan
7381;nan;nan
7386;nan;nan
7391;nan;nan
7396;nan;nan
7401;nan;nan
7406;nan;nan
7411;nan;nan
7416;nan;nan
7421;nan;nan
7426;nan;nan
7431;nan;nan
7436;nan;nan
7441;nan;nan
7446;nan;nan
7451;nan;nan
7456;nan;nan
7461;nan;nan
7466;nan;nan
7471;nan;nan
7476;nan;nan
7481;nan;nan
7486;nan;nan
7491;nan;nan
7496;nan;nan
7501;nan;nan
7506;nan;nan
7511;nan;nan
7516;nan;nan
7521;nan;nan
7526;nan;nan
7531;nan;nan
7536;nan;nan
7541;nan;nan
7546;nan;nan
7551;nan;nan
7556;nan;nan
7561;nan;nan
7566;nan;nan
7571;nan;nan
7576;nan;nan
7581;nan;nan
7586;nan;nan
7591;nan;nan
7596;nan;nan
7601;nan;nan
7606;nan;nan
7611;nan;nan
7616;nan;nan
7621;nan;nan
7626;nan;nan
7631;nan;nan
7636;nan;nan
7641;nan;nan
7646;nan;nan
7651;nan;nan
7656;nan;nan
7661;nan;nan
7666;nan;nan
7671;nan;nan
7676;nan;nan
7681;nan;nan
7686;nan;nan
7691;nan;nan
7696;nan;nan
7701;nan;nan
7706;nan;nan
7711;nan;nan
7716;nan;nan
7721;nan;nan
7726;nan;nan
7731;nan;nan
7736;nan;nan
7741;nan;nan
7746;nan;nan
7751;nan;nan
7756;nan;nan
7761;nan;nan
7766;nan;nan
7771;nan;nan
7776;nan;nan
7781;nan;nan
7786;nan;nan
7791;nan;nan
7796;nan;nan
7801;nan;nan
7806;nan;nan
7811;nan;nan
7816;nan;nan
7821;nan;nan
7826;nan;nan
7831;nan;nan
7836;nan;nan
7841;nan;nan
7846;nan;nan
7851;nan;nan
7856;nan;nan
7861;nan;nan
7866;nan;nan
7871;nan;nan
7876;nan;nan
7881;nan;nan
7886;nan;nan
7891;nan;nan
7896;nan;nan
7901;nan;nan
7906;nan;nan
7911;nan;nan
7916;nan;nan
7921;nan;nan
7926;nan;nan
7931;nan;nan
7936;nan;nan
7941;nan;nan
7946;nan;nan
7951;nan;nan
7956;nan;nan
7961;nan;nan
7966;nan;nan
7971;nan;nan
7976;nan;nan
7981;nan;nan
7986;nan;nan
7991;nan;nan
7996;nan;nan
8001;nan;nan
8006;nan;nan
8011;nan;nan
8016;nan;nan
8021;nan;nan
8026;nan;nan
8031;nan;nan
8036;nan;nan
8041;nan;nan
8046;nan;nan
8051;nan;nan
8056;nan;nan
8061;nan;nan
8066;nan;nan
8071;nan;nan
8076;nan;nan
8081;nan;nan
8086;nan;nan
8091;nan;nan
8096;nan;nan
8101;nan;nan
8106;nan;nan
8111;nan;nan
8116;nan;nan
8121;nan;nan
8126;nan;nan
8131;nan;nan
8136;nan;nan
8141;nan;nan
8146;nan;nan
8151;nan;nan
8156;nan;nan
8161;nan;nan
8166;nan;nan
8171;nan;nan
8176;nan;nan
8181;nan;nan
8186;nan;nan
8191;nan;nan
8196;nan;nan
8201;nan;nan
8206;nan;nan
8211;nan;nan
8216;nan;nan
8221;nan;nan
8226;nan;nan
8231;nan;nan
8236;nan;nan
8241;nan;nan
8246;nan;nan
8251;nan;nan
8256;nan;nan
8261;nan;nan
8266;nan;nan
8271;nan;nan
8276;nan;nan
8281;nan;nan
8286;nan;nan
8291;nan;nan
8296;nan;nan
8301;nan;nan
8306;nan;nan
8311;nan;nan
8316;nan;nan
8321;nan;nan
8326;nan;nan
8331;nan;nan
8336;nan;nan
8341;nan;nan
8346;nan;nan
8351;nan;nan
8356;nan;nan
8361;nan;nan
8366;nan;nan
8371;nan;nan
8376;nan;nan
8381;nan;nan
8386;nan;nan
8391;nan;nan
8396;nan;nan
8401;nan;nan
8406;nan;nan
8411;nan;nan
8416;nan;nan
8421;nan;nan
8426;nan;nan
8431;nan;nan
8436;nan;nan
8441;nan;nan
8446;nan;nan
8451;nan;nan
8456;nan;nan
8461;nan;nan
8466;nan;nan
8471;nan;nan
8476;nan;nan
8481;nan;nan
8486;nan;nan
8491;nan;nan
8496;nan;nan
8501;nan;nan
8506;nan;nan
8511;nan;nan
8516;nan;nan
8521;nan;nan
8526;nan;nan
8531;nan;nan
8536;nan;nan
8541;nan;nan
8546;nan;nan
8551;nan;nan
8556;nan;nan
8561;nan;nan
8566;nan;nan
8571;nan;nan
8576;nan;nan
8581;nan;nan
8586;nan;nan
8591;nan;nan
8596;nan;nan
8601;nan;nan
8606;nan;nan
8611;nan;nan
8616;nan;nan
8621;nan;nan
8626;nan;nan
8631;nan;nan
8636;nan;nan
8641;nan;nan
8646;nan;nan
8651;nan;nan
8656;nan;nan
8661;nan;nan
8666;nan;nan
8671;nan;nan
8676;nan;nan
8681;nan;nan
8686;nan;nan
8691;nan;nan
8696;nan;nan
8701;nan;nan
8706;nan;nan
8711;nan;nan
8716;nan;nan
8721;nan;nan
8726;nan;nan
8731;nan;nan
8736;nan;nan
8741;nan;nan
8746;nan;nan
8751;nan;nan
8756;nan;nan
8761;nan;nan
8766;nan;nan
8771;nan;nan
8776;nan;nan
8781;nan;nan
8786;nan;nan
8791;nan;nan
8796;nan;nan
8801;nan;nan
8806;nan;nan
8811;nan;nan
8816;nan;nan
8821;nan;nan
8826;nan;nan
8831;nan;nan
8836;nan;nan
8841;nan;nan
8846;nan;nan
8851;nan;nan
8856;nan;nan
8861;nan;nan
8866;nan;nan
8871;nan;nan
8876;nan;nan
8881;nan;nan
8886;nan;nan
8891;nan;nan
8896;nan;nan
8901;nan;nan
8906;nan;nan
8911;nan;nan
8916;nan;nan
8921;nan;nan
8926;nan;nan
8931;nan;nan
8936;nan;nan
8941;nan;nan
8946;nan;nan
8951;nan;nan
8956;nan;nan
8961;nan;nan
8966;nan;nan
8971;nan;nan
8976;nan;nan
8981;nan;nan
8986;nan;nan
8991;nan;nan
8996;nan;nan
9001;nan;nan
9006;nan;nan
9011;nan;nan
9016;nan;nan
9021;nan;nan
9026;nan;nan
9031;nan;nan
9036;nan;nan
9041;nan;nan
9046;nan;nan
9051;nan;nan
9056;nan;nan
9061;nan;nan
9066;nan;nan
9071;nan;nan
9076;nan;nan
9081;nan;nan
9086;nan;nan
9091;nan;nan
9096;nan;nan
9101;nan;nan
9106;nan;nan
9111;nan;nan
9116;nan;nan
9121;nan;nan
9126;nan;nan
9131;nan;nan
9136;nan;nan
9141;nan;nan
9146;nan;nan
9151;nan;nan
9156;nan;nan
9161;nan;nan
9166;nan;nan
9171;nan;nan
9176;nan;nan
9181;nan;nan
9186;nan;nan
9191;nan;nan
9196;nan;nan
9201;nan;nan
9206;nan;nan
9211;nan;nan
9216;nan;nan
9221;nan;nan
9226;nan;nan
9231;nan;nan
9236;nan;nan
9241;nan;nan
9246;nan;nan
9251;nan;nan
9256;nan;nan
9261;nan;nan
9266;nan;nan
9271;nan;nan
9276;nan;nan
9281;nan;nan
9286;nan;nan
9291;nan;nan
9296;nan;nan
9301;nan;nan
9306;nan;nan
9311;nan;nan
9316;nan;nan
9321;nan;nan
9326;nan;nan
9331;nan;nan
9336;nan;nan
9341;nan;nan
9346;nan;nan
9351;nan;nan
9356;nan;nan
9361;nan;nan
9366;nan;nan
9371;nan;nan
9376;nan;nan
9381;nan;nan
9386;nan;nan
9391;nan;nan
9396;nan;nan
9401;nan;nan
9406;nan;nan
9411;nan;nan
9416;nan;nan
9421;nan;nan
9426;nan;nan
9431;nan;nan
9436;nan;nan
9441;nan;nan
9446;nan;nan
9451;nan;nan
9456;nan;nan
9461;nan;nan
9466;nan;nan
9471;nan;nan
9476;nan;nan
9481;nan;nan
9486;nan;nan
9491;nan;nan
9496;nan;nan
9501;nan;nan
9506;nan;nan
9511;nan;nan
9516;nan;nan
9521;nan;nan
9526;nan;nan
9531;nan;nan
9536;nan;nan
9541;nan;nan
9546;nan;nan
9551;nan;nan
9556;nan;nan
9561;nan;nan
9566;nan;nan
9571;nan;nan
9576;nan;nan
9581;nan;nan
9586;nan;nan
9591;nan;nan
9596;nan;nan
9601;nan;nan
9606;nan;nan
9611;nan;nan
9616;nan;nan
9621;nan;nan
9626;nan;nan
9631;nan;nan
9636;nan;nan
9641;nan;nan
9646;nan;nan
9651;nan;nan
9656;nan;nan
9661;nan;nan
9666;nan;nan
9671;nan;nan
9676;nan;nan
9681;nan;nan
9686;nan;nan
9691;nan;nan
9696;nan;nan
9701;nan;nan
9706;nan;nan
9711;nan;nan
9716;nan;nan
9721;nan;nan
9726;nan;nan
9731;nan;nan
9736;nan;nan
9741;nan;nan
9746;nan;nan
9751;nan;nan
9756;nan;nan
9761;nan;nan
9766;nan;nan
9771;nan;nan
9776;nan;nan
9781;nan;nan
9786;nan;nan
9791;nan;nan
9796;nan;nan
9801;nan;nan
9806;nan;nan
9811;nan;nan
9816;nan;nan
9821;nan;nan
9826;nan;nan
9831;nan;nan
9836;nan;nan
9841;nan;nan
9846;nan;nan
9851;nan;nan
9856;nan;nan
9861;nan;nan
9866;nan;nan
9871;nan;nan
9876;nan;nan
9881;nan;nan
9886;nan;nan
9891;nan;nan
9896;nan;nan
9901;nan;nan
9906;nan;nan
9911;nan;nan
9916;nan;nan
9921;nan;nan
9926;nan;nan
9931;nan;nan
9936;nan;nan
9941;nan;nan
9946;nan;nan
9951;nan;nan
9956;nan;nan
9961;nan;nan
9966;nan;nan
9971;nan;nan
9976;nan;nan
9981;nan;nan
9986;nan;nan
9991;nan;nan
9996;nan;nan
10001;nan;nan
10006;nan;nan
10011;nan;nan
10016;nan;nan
10021;nan;nan
10026;nan;nan
10031;nan;nan
10036;nan;nan
10041;nan;nan
10046;nan;nan
10051;nan;nan
10056;nan;nan
10061;nan;nan
10066;nan;nan
10071;nan;nan
10076;nan;nan
10081;nan;nan
10086;nan;nan
10091;nan;nan
10096;nan;nan
10101;nan;nan
10106;nan;nan
10111;nan;nan
10116;nan;nan
10121;nan;nan
10126;nan;nan
10131;nan;nan
10136;nan;nan
10141;nan;nan
10146;nan;nan
10151;nan;nan
10156;nan;nan
10161;nan;nan
10166;nan;nan
10171;nan;nan
10176;nan;nan
10181;nan;nan
10186;nan;nan
10191;nan;nan
10196;nan;nan
10201;nan;nan
10206;nan;nan
10211;nan;nan
10216;nan;nan
10221;nan;nan
10226;nan;nan
10231;nan;nan
10236;nan;nan
10241;nan;nan
10246;nan;nan
10251;nan;nan
10256;nan;nan
10261;nan;nan
10266;nan;nan
10271;nan;nan
10276;nan;nan
10281;nan;nan
10286;nan;nan
10291;nan;nan
10296;nan;nan
10301;nan;nan
10306;nan;nan
10311;nan;nan
10316;nan;nan
10321;nan;nan
10326;nan;nan
10331;nan;nan
10336;nan;nan
10341;nan;nan
10346;nan;nan
10351;nan;nan
10356;nan;nan
10361;nan;nan
10366;nan;nan
10371;nan;nan
10376;nan;nan
10381;nan;nan
10386;nan;nan
10391;nan;nan
10396;nan;nan
10401;nan;nan
10406;nan;nan
10411;nan;nan
10416;nan;nan
10421;nan;nan
10426;nan;nan
10431;nan;nan
10436;nan;nan
10441;nan;nan
10446;nan;nan
10451;nan;nan
10456;nan;nan
10461;nan;nan
10466;nan;nan
10471;nan;nan
10476;nan;nan
10481;nan;nan
10486;nan;nan
10491;nan;nan
10496;nan;nan
10501;nan;nan
10506;nan;nan
10511;nan;nan
10516;nan;nan
10521;nan;nan
10526;nan;nan
10531;nan;nan
10536;nan;nan
10541;nan;nan
10546;nan;nan
10551;nan;nan
10556;nan;nan
10561;nan;nan
10566;nan;nan
10571;nan;nan
10576;nan;nan
10581;nan;nan
10586;nan;nan
10591;nan;nan
10596;nan;nan
10601;nan;nan
10606;nan;nan
10611;nan;nan
10616;nan;nan
10621;nan;nan
10626;nan;nan
10631;nan;nan
10636;nan;nan
10641;nan;nan
10646;nan;nan
10651;nan;nan
10656;nan;nan
10661;nan;nan
10666;nan;nan
10671;nan;nan
10676;nan;nan
10681;nan;nan
10686;nan;nan
10691;nan;nan
10696;nan;nan
10701;nan;nan
10706;nan;nan
10711;nan;nan
10716;nan;nan
10721;nan;nan
10726;nan;nan
10731;nan;nan
10736;nan;nan
10741;nan;nan
10746;nan;nan
10751;nan;nan
10756;nan;nan
10761;nan;nan
10766;nan;nan
10771;nan;nan
10776;nan;nan
10781;nan;nan
10786;nan;nan
10791;nan;nan
10796;nan;nan
10801;nan;nan
10806;nan;nan
10811;nan;nan
10816;nan;nan
10821;nan;nan
10826;nan;nan
10831;nan;nan
10836;nan;nan
10841;nan;nan
10846;nan;nan
10851;nan;nan
10856;nan;nan
10861;nan;nan
10866;nan;nan
10871;nan;nan
10876;nan;nan
10881;nan;nan
10886;nan;nan
10891;nan;nan
10896;nan;nan
10901;nan;nan
10906;nan;nan
10911;nan;nan
10916;nan;nan
10921;nan;nan
10926;nan;nan
10931;nan;nan
10936;nan;nan
10941;nan;nan
10946;nan;nan
10951;nan;nan
10956;nan;nan
10961;nan;nan
10966;nan;nan
10971;nan;nan
10976;nan;nan
10981;nan;nan
10986;nan;nan
10991;nan;nan
10996;nan;nan
11001;nan;nan
11006;nan;nan
11011;nan;nan
11016;nan;nan
11021;nan;nan
11026;nan;nan
11031;nan;nan
11036;nan;nan
11041;nan;nan
11046;nan;nan
11051;nan;nan
11056;nan;nan
11061;nan;nan
11066;nan;nan
11071;nan;nan
11076;nan;nan
11081;nan;nan
11086;nan;nan
11091;nan;nan
11096;nan;nan
11101;nan;nan
11106;nan;nan
11111;nan;nan
11116;nan;nan
11121;nan;nan
11126;nan;nan
11131;nan;nan
11136;nan;nan
11141;nan;nan
11146;nan;nan
11151;nan;nan
11156;nan;nan
11161;nan;nan
11166;nan;nan
11171;nan;nan
11176;nan;nan
11181;nan;nan
11186;nan;nan
11191;nan;nan
11196;nan;nan
11201;nan;nan
11206;nan;nan
11211;nan;nan
11216;nan;nan
11221;nan;nan
11226;nan;nan
11231;nan;nan
11236;nan;nan
11241;nan;nan
11246;nan;nan
11251;nan;nan
11256;nan;nan
11261;nan;nan
11266;nan;nan
11271;nan;nan
11276;nan;nan
11281;nan;nan
11286;nan;nan
11291;nan;nan
11296;nan;nan
11301;nan;nan
11306;nan;nan
11311;nan;nan
11316;nan;nan
11321;nan;nan
11326;nan;nan
11331;nan;nan
11336;nan;nan
11341;nan;nan
11346;nan;nan
11351;nan;nan
11356;nan;nan
11361;nan;nan
11366;nan;nan
11371;nan;nan
11376;nan;nan
11381;nan;nan
11386;nan;nan
11391;nan;nan
11396;nan;nan
11401;nan;nan
11406;nan;nan
11411;nan;nan
11416;nan;nan
11421;nan;nan
11426;nan;nan
11431;nan;nan
11436;nan;nan
11441;nan;nan
11446;nan;nan
11451;nan;nan
11456;nan;nan
11461;nan;nan
11466;nan;nan
11471;nan;nan
11476;nan;nan
11481;nan;nan
11486;nan;nan
11491;nan;nan
11496;nan;nan
11501;nan;nan
11506;nan;nan
11511;nan;nan
11516;nan;nan
11521;nan;nan
11526;nan;nan
11531;nan;nan
11536;nan;nan
11541;nan;nan
11546;nan;nan
11551;nan;nan
11556;nan;nan
11561;nan;nan
11566;nan;nan
11571;nan;nan
11576;nan;nan
11581;nan;nan
11586;nan;nan
11591;nan;nan
11596;nan;nan
11601;nan;nan
11606;nan;nan
11611;nan;nan
11616;nan;nan
11621;nan;nan
11626;nan;nan
11631;nan;nan
11636;nan;nan
11641;nan;nan
11646;nan;nan
11651;nan;nan
11656;nan;nan
11661;nan;nan
11666;nan;nan
11671;nan;nan
11676;nan;nan
11681;nan;nan
11686;nan;nan
11691;nan;nan
11696;nan;nan
11701;nan;nan
11706;nan;nan
11711;nan;nan
11716;nan;nan
11721;nan;nan
11726;nan;nan
11731;nan;nan
11736;nan;nan
11741;nan;nan
11746;nan;nan
11751;nan;nan
11756;nan;nan
11761;nan;nan
11766;nan;nan
11771;nan;nan
11776;nan;nan
11781;nan;nan
11786;nan;nan
11791;nan;nan
11796;nan;nan
11801;nan;nan
11806;nan;nan
11811;nan;nan
11816;nan;nan
11821;nan;nan
11826;nan;nan
11831;nan;nan
11836;nan;nan
11841;nan;nan
11846;nan;nan
11851;nan;nan
11856;nan;nan
11861;nan;nan
11866;nan;nan
11871;nan;nan
11876;nan;nan
11881;nan;nan
11886;nan;nan
11891;nan;nan
11896;nan;nan
11901;nan;nan
11906;nan;nan
11911;nan;nan
11916;nan;nan
11921;nan;nan
11926;nan;nan
11931;nan;nan
11936;nan;nan
11941;nan;nan
11946;nan;nan
11951;nan;nan
11956;nan;nan
11961;nan;nan
11966;nan;nan
11971;nan;nan
11976;nan;nan
11981;nan;nan
11986;nan;nan
11991;nan;nan
11996;nan;nan
12001;nan;nan
12006;nan;nan
12011;nan;nan
12016;nan;nan
12021;nan;nan
12026;nan;nan
12031;nan;nan
12036;nan;nan
12041;nan;nan
12046;nan;nan
12051;nan;nan
12056;nan;nan
12061;nan;nan
12066;nan;nan
12071;nan;nan
12076;nan;nan
12081;nan;nan
12086;nan;nan
12091;nan;nan
12096;nan;nan
12101;nan;nan
12106;nan;nan
12111;nan;nan
12116;nan;nan
12121;nan;nan
12126;nan;nan
12131;nan;nan
12136;nan;nan
12141;nan;nan
12146;nan;nan
12151;nan;nan
12156;nan;nan
12161;nan;nan
12166;nan;nan
12171;nan;nan
12176;nan;nan
12181;nan;nan
12186;nan;nan
12191;nan;nan
12196;nan;nan
12201;nan;nan
12206;nan;nan
12211;nan;nan
12216;nan;nan
12221;nan;nan
12226;nan;nan
12231;nan;nan
12236;nan;nan
12241;nan;nan
12246;nan;nan
12251;nan;nan
12256;nan;nan
12261;nan;nan
12266;nan;nan
12271;nan;nan
12276;nan;nan
12281;nan;nan
12286;nan;nan
12291;nan;nan
12296;nan;nan
12301;nan;nan
12306;nan;nan
12311;nan;nan
12316;nan;nan
12321;nan;nan
12326;nan;nan
12331;nan;nan
12336;nan;nan
12341;nan;nan
12346;nan;nan
12351;nan;nan
12356;nan;nan
12361;nan;nan
12366;nan;nan
12371;nan;nan
12376;nan;nan
12381;nan;nan
12386;nan;nan
12391;nan;nan
12396;nan;nan
12401;nan;nan
12406;nan;nan
12411;nan;nan
12416;nan;nan
12421;nan;nan
12426;nan;nan
12431;nan;nan
12436;nan;nan
12441;nan;nan
12446;nan;nan
12451;nan;nan
12456;nan;nan
12461;nan;nan
12466;nan;nan
12471;nan;nan
12476;nan;nan
12481;nan;nan
12486;nan;nan
12491;nan;nan
12496;nan;nan
12501;nan;nan
12506;nan;nan
12511;nan;nan
12516;nan;nan
12521;nan;nan
12526;nan;nan
12531;nan;nan
12536;nan;nan
12541;nan;nan
12546;nan;nan
12551;nan;nan
12556;nan;nan
12561;nan;nan
12566;nan;nan
12571;nan;nan
12576;nan;nan
12581;nan;nan
12586;nan;nan
12591;nan;nan
12596;nan;nan
12601;nan;nan
12606;nan;nan
12611;nan;nan
12616;nan;nan
12621;nan;nan
12626;nan;nan
12631;nan;nan
12636;nan;nan
12641;nan;nan
12646;nan;nan
12651;nan;nan
12656;nan;nan
12661;nan;nan
12666;nan;nan
12671;nan;nan
12676;nan;nan
12681;nan;nan
12686;nan;nan
12691;nan;nan
12696;nan;nan
12701;nan;nan
12706;nan;nan
12711;nan;nan
12716;nan;nan
12721;nan;nan
12726;nan;nan
12731;nan;nan
12736;nan;nan
12741;nan;nan
12746;nan;nan
12751;nan;nan
12756;nan;nan
12761;nan;nan
12766;nan;nan
12771;nan;nan
12776;nan;nan
12781;nan;nan
12786;nan;nan
12791;nan;nan
12796;nan;nan
12801;nan;nan
12806;nan;nan
12811;nan;nan
12816;nan;nan
12821;nan;nan
12826;nan;nan
12831;nan;nan
12836;nan;nan
12841;nan;nan
12846;nan;nan
12851;nan;nan
12856;nan;nan
12861;nan;nan
12866;nan;nan
12871;nan;nan
12876;nan;nan
12881;nan;nan
12886;nan;nan
12891;nan;nan
12896;nan;nan
12901;nan;nan
12906;nan;nan
12911;nan;nan
12916;nan;nan
12921;nan;nan
12926;nan;nan
12931;nan;nan
12936;nan;nan
12941;nan;nan
12946;nan;nan
12951;nan;nan
12956;nan;nan
12961;nan;nan
12966;nan;nan
12971;nan;nan
12976;nan;nan
12981;nan;nan
12986;nan;nan
12991;nan;nan
12996;nan;nan
13001;nan;nan
13006;nan;nan
13011;nan;nan
13016;nan;nan
13021;nan;nan
13026;nan;nan
13031;nan;nan
13036;nan;nan
13041;nan;nan
13046;nan;nan
13051;nan;nan
13056;nan;nan
13061;nan;nan
13066;nan;nan
13071;nan;nan
13076;nan;nan
13081;nan;nan
13086;nan;nan
13091;nan;nan
13096;nan;nan
13101;nan;nan
13106;nan;nan
13111;nan;nan
13116;nan;nan
13121;nan;nan
13126;nan;nan
13131;nan;nan
13136;nan;nan
13141;nan;nan
13146;nan;nan
13151;nan;nan
13156;nan;nan
13161;nan;nan
13166;nan;nan
13171;nan;nan
13176;nan;nan
13181;nan;nan
13186;nan;nan
13191;nan;nan
13196;nan;nan
13201;nan;nan
13206;nan;nan
13211;nan;nan
13216;nan;nan
13221;nan;nan
13226;nan;nan
13231;nan;nan
13236;nan;nan
13241;nan;nan
13246;nan;nan
13251;nan;nan
13256;nan;nan
13261;nan;nan
13266;nan;nan
13271;nan;nan
13276;nan;nan
13281;nan;nan
13286;nan;nan
13291;nan;nan
13296;nan;nan
13301;nan;nan
13306;nan;nan
13311;nan;nan
13316;nan;nan
13321;nan;nan
13326;nan;nan
13331;nan;nan
13336;nan;nan
13341;nan;nan
13346;nan;nan
13351;nan;nan
13356;nan;nan
13361;nan;nan
13366;nan;nan
13371;nan;nan
13376;nan;nan
13381;nan;nan
13386;nan;nan
13391;nan;nan
13396;nan;nan
13401;nan;nan
13406;nan;nan
13411;nan;nan
13416;nan;nan
13421;nan;nan
13426;nan;nan
13431;nan;nan
13436;nan;nan
13441;nan;nan
13446;nan;nan
13451;nan;nan
13456;nan;nan
13461;nan;nan
13466;nan;nan
13471;nan;nan
13476;nan;nan
13481;nan;nan
13486;nan;nan
13491;nan;nan
13496;nan;nan
13501;nan;nan
13506;nan;nan
13511;nan;nan
13516;nan;nan
13521;nan;nan
13526;nan;nan
13531;nan;nan
13536;nan;nan
13541;nan;nan
13546;nan;nan
13551;nan;nan
13556;nan;nan
13561;nan;nan
13566;nan;nan
13571;nan;nan
13576;nan;nan
13581;nan;nan
13586;nan;nan
13591;nan;nan
13596;nan;nan
13601;nan;nan
13606;nan;nan
13611;nan;nan
13616;nan;nan
13621;nan;nan
13626;nan;nan
13631;nan;nan
13636;nan;nan
13641;nan;nan
13646;nan;nan
13651;nan;nan
13656;nan;nan
13661;nan;nan
13666;nan;nan
13671;nan;nan
13676;nan;nan
13681;nan;nan
13686;nan;nan
13691;nan;nan
13696;nan;nan
13701;nan;nan
13706;nan;nan
13711;nan;nan
13716;nan;nan
13721;nan;nan
13726;nan;nan
13731;nan;nan
13736;nan;nan
13741;nan;nan
13746;nan;nan
13751;nan;nan
13756;nan;nan
13761;nan;nan
13766;nan;nan
13771;nan;nan
13776;nan;nan
13781;nan;nan
13786;nan;nan
13791;nan;nan
13796;nan;nan
13801;nan;nan
13806;nan;nan
13811;nan;nan
13816;nan;nan
13821;nan;nan
13826;nan;nan
13831;nan;nan
13836;nan;nan
13841;nan;nan
13846;nan;nan
13851;nan;nan
13856;nan;nan
13861;nan;nan
13866;nan;nan
13871;nan;nan
13876;nan;nan
13881;nan;nan
13886;nan;nan
13891;nan;nan
13896;nan;nan
13901;nan;nan
13906;nan;nan
13911;nan;nan
13916;nan;nan
13921;nan;nan
13926;nan;nan
13931;nan;nan
13936;nan;nan
13941;nan;nan
13946;nan;nan
13951;nan;nan
13956;nan;nan
13961;nan;nan
13966;nan;nan
13971;nan;nan
13976;nan;nan
13981;nan;nan
13986;nan;nan
13991;nan;nan
13996;nan;nan
14001;nan;nan
14006;nan;nan
14011;nan;nan
14016;nan;nan
14021;nan;nan
14026;nan;nan
14031;nan;nan
14036;nan;nan
14041;nan;nan
14046;nan;nan
14051;nan;nan
14056;nan;nan
14061;nan;nan
14066;nan;nan
14071;nan;nan
14076;nan;nan
14081;nan;nan
14086;nan;nan
14091;nan;nan
14096;nan;nan
14101;nan;nan
14106;nan;nan
14111;nan;nan
14116;nan;nan
14121;nan;nan
14126;nan;nan
14131;nan;nan
14136;nan;nan
14141;nan;nan
14146;nan;nan
14151;nan;nan
14156;nan;nan
14161;nan;nan
14166;nan;nan
14171;nan;nan
14176;nan;nan
14181;nan;nan
14186;nan;nan
14191;nan;nan
14196;nan;nan
14201;nan;nan
14206;nan;nan
14211;nan;nan
14216;nan;nan
14221;nan;nan
14226;nan;nan
14231;nan;nan
14236;nan;nan
14241;nan;nan
14246;nan;nan
14251;nan;nan
14256;nan;nan
14261;nan;nan
14266;nan;nan
14271;nan;nan
14276;nan;nan
14281;nan;nan
14286;nan;nan
14291;nan;nan
14296;nan;nan
14301;nan;nan
14306;nan;nan
14311;nan;nan
14316;nan;nan
14321;nan;nan
14326;nan;nan
14331;nan;nan
14336;nan;nan
14341;nan;nan
14346;nan;nan
14351;nan;nan
14356;nan;nan
14361;nan;nan
14366;nan;nan
14371;nan;nan
14376;nan;nan
14381;nan;nan
14386;nan;nan
14391;nan;nan
14396;nan;nan
14401;nan;nan
14406;nan;nan
14411;nan;nan
14416;nan;nan
14421;nan;nan
14426;nan;nan
14431;nan;nan
14436;nan;nan
14441;nan;nan
14446;nan;nan
14451;nan;nan
14456;nan;nan
14461;nan;nan
14466;nan;nan
14471;nan;nan
14476;nan;nan
14481;nan;nan
14486;nan;nan
14491;nan;nan
14496;nan;nan
14501;nan;nan
14506;nan;nan
14511;nan;nan
14516;nan;nan
14521;nan;nan
14526;nan;nan
14531;nan;nan
14536;nan;nan
14541;nan;nan
14546;nan;nan
14551;nan;nan
14556;nan;nan
14561;nan;nan
14566;nan;nan
14571;nan;nan
14576;nan;nan
14581;nan;nan
14586;nan;nan
14591;nan;nan
14596;nan;nan
14601;nan;nan
14606;nan;nan
14611;nan;nan
14616;nan;nan
14621;nan;nan
14626;nan;nan
14631;nan;nan
14636;nan;nan
14641;nan;nan
14646;nan;nan
14651;nan;nan
14656;nan;nan
14661;nan;nan
14666;nan;nan
14671;nan;nan
14676;nan;nan
14681;nan;nan
14686;nan;nan
14691;nan;nan
14696;nan;nan
14701;nan;nan
14706;nan;nan
14711;nan;nan
14716;nan;nan
14721;nan;nan
14726;nan;nan
14731;nan;nan
14736;nan;nan
14741;nan;nan
14746;nan;nan
14751;nan;nan
14756;nan;nan
14761;nan;nan
14766;nan;nan
14771;nan;nan
14776;nan;nan
14781;nan;nan
14786;nan;nan
14791;nan;nan
14796;nan;nan
14801;nan;nan
14806;nan;nan
14811;nan;nan
14816;nan;nan
14821;nan;nan
14826;nan;nan
14831;nan;nan
14836;nan;nan
14841;nan;nan
14846;nan;nan
14851;nan;nan
14856;nan;nan
14861;nan;nan
14866;nan;nan
14871;nan;nan
14876;nan;nan
14881;nan;nan
14886;nan;nan
14891;nan;nan
14896;nan;nan
14901;nan;nan
14906;nan;nan
14911;nan;nan
14916;nan;nan
14921;nan;nan
14926;nan;nan
14931;nan;nan
14936;nan;nan
14941;nan;nan
14946;nan;nan
14951;nan;nan
14956;nan;nan
14961;nan;nan
14966;nan;nan
14971;nan;nan
14976;nan;nan
14981;nan;nan
14986;nan;nan
14991;nan;nan
14996;nan;nan
15001;nan;nan
15006;nan;nan
15011;nan;nan
15016;nan;nan
15021;nan;nan
15026;nan;nan
15031;nan;nan
15036;nan;nan
15041;nan;nan
15046;nan;nan
15051;nan;nan
15056;nan;nan
15061;nan;nan
15066;nan;nan
15071;nan;nan
15076;nan;nan
15081;nan;nan
15086;nan;nan
15091;nan;nan
15096;nan;nan
15101;nan;nan
15106;nan;nan
15111;nan;nan
15116;nan;nan
15121;nan;nan
15126;nan;nan
15131;nan;nan
15136;nan;nan
15141;nan;nan
15146;nan;nan
15151;nan;nan
15156;nan;nan
15161;nan;nan
15166;nan;nan
15171;nan;nan
15176;nan;nan
15181;nan;nan
15186;nan;nan
15191;nan;nan
15196;nan;nan
15201;nan;nan
15206;nan;nan
15211;nan;nan
15216;nan;nan
15221;nan;nan
15226;nan;nan
15231;nan;nan
15236;nan;nan
15241;nan;nan
15246;nan;nan
15251;nan;nan
15256;nan;nan
15261;nan;nan
15266;nan;nan
15271;nan;nan
15276;nan;nan
15281;nan;nan
15286;nan;nan
15291;nan;nan
15296;nan;nan
15301;nan;nan
15306;nan;nan
15311;nan;nan
15316;nan;nan
15321;nan;nan
15326;nan;nan
15331;nan;nan
15336;nan;nan
15341;nan;nan
15346;nan;nan
15351;nan;nan
15356;nan;nan
15361;nan;nan
15366;nan;nan
15371;nan;nan
15376;nan;nan
15381;nan;nan
15386;nan;nan
15391;nan;nan
15396;nan;nan
15401;nan;nan
15406;nan;nan
15411;nan;nan
15416;nan;nan
15421;nan;nan
15426;nan;nan
15431;nan;nan
15436;nan;nan
15441;nan;nan
15446;nan;nan
15451;nan;nan
15456;nan;nan
15461;nan;nan
15466;nan;nan
15471;nan;nan
15476;nan;nan
15481;nan;nan
15486;nan;nan
15491;nan;nan
15496;nan;nan
15501;nan;nan
15506;nan;nan
15511;nan;nan
15516;nan;nan
15521;nan;nan
15526;nan;nan
15531;nan;nan
15536;nan;nan
15541;nan;nan
15546;nan;nan
15551;nan;nan
15556;nan;nan
15561;nan;nan
15566;nan;nan
15571;nan;nan
15576;nan;nan
15581;nan;nan
15586;nan;nan
15591;nan;nan
15596;nan;nan
15601;nan;nan
15606;nan;nan
15611;nan;nan
15616;nan;nan
15621;nan;nan
15626;nan;nan
15631;nan;nan
15636;nan;nan
15641;nan;nan
15646;nan;nan
15651;nan;nan
15656;nan;nan
15661;nan;nan
15666;nan;nan
15671;nan;nan
15676;nan;nan
15681;nan;nan
15686;nan;nan
15691;nan;nan
15696;nan;nan
15701;nan;nan
15706;nan;nan
15711;nan;nan
15716;nan;nan
15721;nan;nan
15726;nan;nan
15731;nan;nan
15736;nan;nan
15741;nan;nan
15746;nan;nan
15751;nan;nan
15756;nan;nan
15761;nan;nan
15766;nan;nan
15771;nan;nan
15776;nan;nan
15781;nan;nan
15786;nan;nan
15791;nan;nan
15796;nan;nan
15801;nan;nan
15806;nan;nan
15811;nan;nan
15816;nan;nan
15821;nan;nan
15826;nan;nan
15831;nan;nan
15836;nan;nan
15841;nan;nan
15846;nan;nan
15851;nan;nan
15856;nan;nan
15861;nan;nan
15866;nan;nan
15871;nan;nan
15876;nan;nan
15881;nan;nan
15886;nan;nan
15891;nan;nan
15896;nan;nan
15901;nan;nan
15906;nan;nan
15911;nan;nan
15916;nan;nan
15921;nan;nan
15926;nan;nan
15931;nan;nan
15936;nan;nan
15941;nan;nan
15946;nan;nan
15951;nan;nan
15956;nan;nan
15961;nan;nan
15966;nan;nan
15971;nan;nan
15976;nan;nan
15981;nan;nan
15986;nan;nan
15991;nan;nan
15996;nan;nan
16001;nan;nan
16006;nan;nan
16011;nan;nan
16016;nan;nan
16021;nan;nan
16026;nan;nan
16031;nan;nan
16036;nan;nan
16041;nan;nan
16046;nan;nan
16051;nan;nan
16056;nan;nan
16061;nan;nan
16066;nan;nan
16071;nan;nan
16076;nan;nan
16081;nan;nan
16086;nan;nan
16091;nan;nan
16096;nan;nan
16101;nan;nan
16106;nan;nan
16111;nan;nan
16116;nan;nan
16121;nan;nan
16126;nan;nan
16131;nan;nan
16136;nan;nan
16141;nan;nan
16146;nan;nan
16151;nan;nan
16156;nan;nan
16161;nan;nan
16166;nan;nan
16171;nan;nan
16176;nan;nan
16181;nan;nan
16186;nan;nan
16191;nan;nan
16196;nan;nan
16201;nan;nan
16206;nan;nan
16211;nan;nan
16216;nan;nan
16221;nan;nan
16226;nan;nan
16231;nan;nan
16236;nan;nan
16241;nan;nan
16246;nan;nan
16251;nan;nan
16256;nan;nan
16261;nan;nan
16266;nan;nan
16271;nan;nan
16276;nan;nan
16281;nan;nan
16286;nan;nan
16291;nan;nan
16296;nan;nan
16301;nan;nan
16306;nan;nan
16311;nan;nan
16316;nan;nan
16321;nan;nan
16326;nan;nan
16331;nan;nan
16336;nan;nan
16341;nan;nan
16346;nan;nan
16351;nan;nan
16356;nan;nan
16361;nan;nan
16366;nan;nan
16371;nan;nan
16376;nan;nan
16381;nan;nan
16386;nan;nan
16391;nan;nan
16396;nan;nan
16401;nan;nan
16406;nan;nan
16411;nan;nan
16416;nan;nan
16421;nan;nan
16426;nan;nan
16431;nan;nan
16436;nan;nan
16441;nan;nan
16446;nan;nan
16451;nan;nan
16456;nan;nan
16461;nan;nan
16466;nan;nan
16471;nan;nan
16476;nan;nan
16481;nan;nan
16486;nan;nan
16491;nan;nan
16496;nan;nan
16501;nan;nan
16506;nan;nan
16511;nan;nan
16516;nan;nan
16521;nan;nan
16526;nan;nan
16531;nan;nan
16536;nan;nan
16541;nan;nan
16546;nan;nan
16551;nan;nan
16556;nan;nan
16561;nan;nan
16566;nan;nan
16571;nan;nan
16576;nan;nan
16581;nan;nan
16586;nan;nan
16591;nan;nan
16596;nan;nan
16601;nan;nan
16606;nan;nan
16611;nan;nan
16616;nan;nan
16621;nan;nan
16626;nan;nan
16631;nan;nan
16636;nan;nan
16641;nan;nan
16646;nan;nan
16651;nan;nan
16656;nan;nan
16661;nan;nan
16666;nan;nan
16671;nan;nan
16676;nan;nan
16681;nan;nan
16686;nan;nan
16691;nan;nan
16696;nan;nan
16701;nan;nan
16706;nan;nan
16711;nan;nan
16716;nan;nan
16721;nan;nan
16726;nan;nan
16731;nan;nan
16736;nan;nan
16741;nan;nan
16746;nan;nan
16751;nan;nan
16756;nan;nan
16761;nan;nan
16766;nan;nan
16771;nan;nan
16776;nan;nan
16781;nan;nan
16786;nan;nan
16791;nan;nan
16796;nan;nan
16801;nan;nan
16806;nan;nan
16811;nan;nan
16816;nan;nan
16821;nan;nan
16826;nan;nan
16831;nan;nan
16836;nan;nan
16841;nan;nan
16846;nan;nan
16851;nan;nan
16856;nan;nan
16861;nan;nan
16866;nan;nan
16871;nan;nan
16876;nan;nan
16881;nan;nan
16886;nan;nan
16891;nan;nan
16896;nan;nan
16901;nan;nan
16906;nan;nan
16911;nan;nan
16916;nan;nan
16921;nan;nan
16926;nan;nan
16931;nan;nan
16936;nan;nan
16941;nan;nan
16946;nan;nan
16951;nan;nan
16956;nan;nan
16961;nan;nan
16966;nan;nan
16971;nan;nan
16976;nan;nan
16981;nan;nan
16986;nan;nan
16991;nan;nan
16996;nan;nan
17001;nan;nan
17006;nan;nan
17011;nan;nan
17016;nan;nan
17021;nan;nan
17026;nan;nan
17031;nan;nan
17036;nan;nan
17041;nan;nan
17046;nan;nan
17051;nan;nan
17056;nan;nan
17061;nan;nan
17066;nan;nan
17071;nan;nan
17076;nan;nan
17081;nan;nan
17086;nan;nan
17091;nan;nan
17096;nan;nan
17101;nan;nan
17106;nan;nan
17111;nan;nan
17116;nan;nan
17121;nan;nan
17126;nan;nan
17131;nan;nan
17136;nan;nan
17141;nan;nan
17146;nan;nan
17151;nan;nan
17156;nan;nan
17161;nan;nan
17166;nan;nan
17171;nan;nan
17176;nan;nan
17181;nan;nan
17186;nan;nan
17191;nan;nan
17196;nan;nan
17201;nan;nan
17206;nan;nan
17211;nan;nan
17216;nan;nan
17221;nan;nan
17226;nan;nan
17231;nan;nan
17236;nan;nan
17241;nan;nan
17246;nan;nan
17251;nan;nan
17256;nan;nan
17261;nan;nan
17266;nan;nan
17271;nan;nan
17276;nan;nan
17281;nan;nan
17286;nan;nan
17291;nan;nan
17296;nan;nan
17301;nan;nan
17306;nan;nan
17311;nan;nan
17316;nan;nan
17321;nan;nan
17326;nan;nan
17331;nan;nan
17336;nan;nan
17341;nan;nan
17346;nan;nan
17351;nan;nan
17356;nan;nan
17361;nan;nan
17366;nan;nan
17371;nan;nan
17376;nan;nan
17381;nan;nan
17386;nan;nan
17391;nan;nan
17396;nan;nan
17401;nan;nan
17406;nan;nan
17411;nan;nan
17416;nan;nan
17421;nan;nan
17426;nan;nan
17431;nan;nan
17436;nan;nan
17441;nan;nan
17446;nan;nan
17451;nan;nan
17456;nan;nan
17461;nan;nan
17466;nan;nan
17471;nan;nan
17476;nan;nan
17481;nan;nan
17486;nan;nan
17491;nan;nan
17496;nan;nan
17501;nan;nan
17506;nan;nan
17511;nan;nan
17516;nan;nan
17521;nan;nan
17526;nan;nan
17531;nan;nan
17536;nan;nan
17541;nan;nan
17546;nan;nan
17551;nan;nan
17556;nan;nan
17561;nan;nan
17566;nan;nan
17571;nan;nan
17576;nan;nan
17581;nan;nan
17586;nan;nan
17591;nan;nan
17596;nan;nan
17601;nan;nan
17606;nan;nan
17611;nan;nan
17616;nan;nan
17621;nan;nan
17626;nan;nan
17631;nan;nan
17636;nan;nan
17641;nan;nan
17646;nan;nan
17651;nan;nan
17656;nan;nan
17661;nan;nan
17666;nan;nan
17671;nan;nan
17676;nan;nan
17681;nan;nan
17686;nan;nan
17691;nan;nan
17696;nan;nan
17701;nan;nan
17706;nan;nan
17711;nan;nan
17716;nan;nan
17721;nan;nan
17726;nan;nan
17731;nan;nan
17736;nan;nan
17741;nan;nan
17746;nan;nan
17751;nan;nan
17756;nan;nan
17761;nan;nan
17766;nan;nan
17771;nan;nan
17776;nan;nan
17781;nan;nan
17786;nan;nan
17791;nan;nan
17796;nan;nan
17801;nan;nan
17806;nan;nan
17811;nan;nan
17816;nan;nan
17821;nan;nan
17826;nan;nan
17831;nan;nan
17836;nan;nan
17841;nan;nan
17846;nan;nan
17851;nan;nan
17856;nan;nan
17861;nan;nan
17866;nan;nan
17871;nan;nan
17876;nan;nan
17881;nan;nan
17886;nan;nan
17891;nan;nan
17896;nan;nan
17901;nan;nan
17906;nan;nan
17911;nan;nan
17916;nan;nan
17921;nan;nan
17926;nan;nan
17931;nan;nan
17936;nan;nan
17941;nan;nan
17946;nan;nan
17951;nan;nan
17956;nan;nan
17961;nan;nan
17966;nan;nan
17971;nan;nan
17976;nan;nan
17981;nan;nan
17986;nan;nan
17991;nan;nan
17996;nan;nan
18001;nan;nan
18006;nan;nan
18011;nan;nan
18016;nan;nan
18021;nan;nan
18026;nan;nan
18031;nan;nan
18036;nan;nan
18041;nan;nan
18046;nan;nan
18051;nan;nan
18056;nan;nan
18061;nan;nan
18066;nan;nan
18071;nan;nan
18076;nan;nan
18081;nan;nan
18086;nan;nan
18091;nan;nan
18096;nan;nan
18101;nan;nan
18106;nan;nan
18111;nan;nan
18116;nan;nan
18121;nan;nan
18126;nan;nan
18131;nan;nan
18136;nan;nan
18141;nan;nan
18146;nan;nan
18151;nan;nan
18156;nan;nan
18161;nan;nan
18166;nan;nan
18171;nan;nan
18176;nan;nan
18181;nan;nan
18186;nan;nan
18191;nan;nan
18196;nan;nan
18201;nan;nan
18206;nan;nan
18211;nan;nan
18216;nan;nan
18221;nan;nan
18226;nan;nan
18231;nan;nan
18236;nan;nan
18241;nan;nan
18246;nan;nan
18251;nan;nan
18256;nan;nan
18261;nan;nan
18266;nan;nan
18271;nan;nan
18276;nan;nan
18281;nan;nan
18286;nan;nan
18291;nan;nan
18296;nan;nan
18301;nan;nan
18306;nan;nan
18311;nan;nan
18316;nan;nan
18321;nan;nan
18326;nan;nan
18331;nan;nan
18336;nan;nan
18341;nan;nan
18346;nan;nan
18351;nan;nan
18356;nan;nan
18361;nan;nan
18366;nan;nan
18371;nan;nan
18376;nan;nan
18381;nan;nan
18386;nan;nan
18391;nan;nan
18396;nan;nan
18401;nan;nan
18406;nan;nan
18411;nan;nan
18416;nan;nan
18421;nan;nan
18426;nan;nan
18431;nan;nan
18436;nan;nan
18441;nan;nan
18446;nan;nan
18451;nan;nan
18456;nan;nan
18461;nan;nan
18466;nan;nan
18471;nan;nan
18476;nan;nan
18481;nan;nan
18486;nan;nan
18491;nan;nan
18496;nan;nan
18501;nan;nan
18506;nan;nan
18511;nan;nan
18516;nan;nan
18521;nan;nan
18526;nan;nan
18531;nan;nan
18536;nan;nan
18541;nan;nan
18546;nan;nan
18551;nan;nan
18556;nan;nan
18561;nan;nan
18566;nan;nan
18571;nan;nan
18576;nan;nan
18581;nan;nan
18586;nan;nan
18591;nan;nan
18596;nan;nan
18601;nan;nan
18606;nan;nan
18611;nan;nan
18616;nan;nan
18621;nan;nan
18626;nan;nan
18631;nan;nan
18636;nan;nan
18641;nan;nan
18646;nan;nan
18651;nan;nan
18656;nan;nan
18661;nan;nan
18666;nan;nan
18671;nan;nan
18676;nan;nan
18681;nan;nan
18686;nan;nan
18691;nan;nan
18696;nan;nan
18701;nan;nan
18706;nan;nan
18711;nan;nan
18716;nan;nan
18721;nan;nan
18726;nan;nan
18731;nan;nan
18736;nan;nan
18741;nan;nan
18746;nan;nan
18751;nan;nan
18756;nan;nan
18761;nan;nan
18766;nan;nan
18771;nan;nan
18776;nan;nan
18781;nan;nan
18786;nan;nan
18791;nan;nan
18796;nan;nan
18801;nan;nan
18806;nan;nan
18811;nan;nan
18816;nan;nan
18821;nan;nan
18826;nan;nan
18831;nan;nan
18836;nan;nan
18841;nan;nan
18846;nan;nan
18851;nan;nan
18856;nan;nan
18861;nan;nan
18866;nan;nan
18871;nan;nan
18876;nan;nan
18881;nan;nan
18886;nan;nan
18891;nan;nan
18896;nan;nan
18901;nan;nan
18906;nan;nan
18911;nan;nan
18916;nan;nan
18921;nan;nan
18926;nan;nan
18931;nan;nan
18936;nan;nan
18941;nan;nan
18946;nan;nan
18951;nan;nan
18956;nan;nan
18961;nan;nan
18966;nan;nan
18971;nan;nan
18976;nan;nan
18981;nan;nan
18986;nan;nan
18991;nan;nan
18996;nan;nan
19001;nan;nan
19006;nan;nan
19011;nan;nan
19016;nan;nan
19021;nan;nan
19026;nan;nan
19031;nan;nan
19036;nan;nan
19041;nan;nan
19046;nan;nan
19051;nan;nan
19056;nan;nan
19061;nan;nan
19066;nan;nan
19071;nan;nan
19076;nan;nan
19081;nan;nan
19086;nan;nan
19091;nan;nan
19096;nan;nan
19101;nan;nan
19106;nan;nan
19111;nan;nan
19116;nan;nan
19121;nan;nan
19126;nan;nan
19131;nan;nan
19136;nan;nan
19141;nan;nan
19146;nan;nan
19151;nan;nan
19156;nan;nan
19161;nan;nan
19166;nan;nan
19171;nan;nan
19176;nan;nan
19181;nan;nan
19186;nan;nan
19191;nan;nan
19196;nan;nan
19201;nan;nan
19206;nan;nan
19211;nan;nan
19216;nan;nan
19221;nan;nan
19226;nan;nan
19231;nan;nan
19236;nan;nan
19241;nan;nan
19246;nan;nan
19251;nan;nan
19256;nan;nan
19261;nan;nan
19266;nan;nan
19271;nan;nan
19276;nan;nan
19281;nan;nan
19286;nan;nan
19291;nan;nan
19296;nan;nan
19301;nan;nan
19306;nan;nan
19311;nan;nan
19316;nan;nan
19321;nan;nan
19326;nan;nan
19331;nan;nan
19336;nan;nan
19341;nan;nan
19346;nan;nan
19351;nan;nan
19356;nan;nan
19361;nan;nan
19366;nan;nan
19371;nan;nan
19376;nan;nan
19381;nan;nan
19386;nan;nan
19391;nan;nan
19396;nan;nan
19401;nan;nan
19406;nan;nan
19411;nan;nan
19416;nan;nan
19421;nan;nan
19426;nan;nan
19431;nan;nan
19436;nan;nan
19441;nan;nan
19446;nan;nan
19451;nan;nan
19456;nan;nan
19461;nan;nan
19466;nan;nan
19471;nan;nan
19476;nan;nan
19481;nan;nan
19486;nan;nan
19491;nan;nan
19496;nan;nan
19501;nan;nan
19506;nan;nan
19511;nan;nan
19516;nan;nan
19521;nan;nan
19526;nan;nan
19531;nan;nan
19536;nan;nan
19541;nan;nan
19546;nan;nan
19551;nan;nan
19556;nan;nan
19561;nan;nan
19566;nan;nan
19571;nan;nan
19576;nan;nan
19581;nan;nan
19586;nan;nan
19591;nan;nan
19596;nan;nan
19601;nan;nan
19606;nan;nan
19611;nan;nan
19616;nan;nan
19621;nan;nan
19626;nan;nan
19631;nan;nan
19636;nan;nan
19641;nan;nan
19646;nan;nan
19651;nan;nan
19656;nan;nan
19661;nan;nan
19666;nan;nan
19671;nan;nan
19676;nan;nan
19681;nan;nan
19686;nan;nan
19691;nan;nan
19696;nan;nan
19701;nan;nan
19706;nan;nan
19711;nan;nan
19716;nan;nan
19721;nan;nan
19726;nan;nan
19731;nan;nan
19736;nan;nan
19741;nan;nan
19746;nan;nan
19751;nan;nan
19756;nan;nan
19761;nan;nan
19766;nan;nan
19771;nan;nan
19776;nan;nan
19781;nan;nan
19786;nan;nan
19791;nan;nan
19796;nan;nan
19801;nan;nan
19806;nan;nan
19811;nan;nan
19816;nan;nan
19821;nan;nan
19826;nan;nan
19831;nan;nan
19836;nan;nan
19841;nan;nan
19846;nan;nan
19851;nan;nan
19856;nan;nan
19861;nan;nan
19866;nan;nan
19871;nan;nan
19876;nan;nan
19881;nan;nan
19886;nan;nan
19891;nan;nan
19896;nan;nan
19901;nan;nan
19906;nan;nan
19911;nan;nan
19916;nan;nan
19921;nan;nan
19926;nan;nan
19931;nan;nan
19936;nan;nan
19941;nan;nan
19946;nan;nan
19951;nan;nan
19956;nan;nan
19961;nan;nan
19966;nan;nan
19971;nan;nan
19976;nan;nan
19981;nan;nan
19986;nan;nan
19991;nan;nan
19996;nan;nan
